Business Name,URL
PrintingIdeas,/biz/printing-ideas-fairfax?osq=businesses
BonnieJonesAssociatesLLC,/biz/bonnie-jones-associates-llc-fairfax?osq=businesses
SweetGifts,/biz/sweet-gifts-fairfax?osq=businesses
VaAutoSpa,/biz/va-auto-spa-vienna?osq=businesses
NeedleAndMesh,/biz/needle-and-mesh-fairfax-3?osq=businesses
Archematerial,/biz/archematerial-fairfax?osq=businesses
IpsunSolar,/biz/ipsun-solar-fairfax?osq=businesses
MasonEnterpriseCenter,/biz/mason-enterprise-center-fairfax-2?osq=businesses
BondsDStudio,/biz/bonds-3d-studio-fairfax?osq=businesses
NovaJunk,/biz/nova-junk-alexandria-2?osq=businesses
Roofer,/biz/roofer-911-mclean?osq=businesses
TheGutterworksCompany,/biz/the-gutterworks-company-burke?osq=businesses
FantasyFloral,/biz/fantasy-floral-chantilly-2?osq=businesses
FairfaxComputerRepair,/biz/fairfax-computer-repair-fairfax?osq=businesses
AyalaMasonry,/biz/ayala-masonry-fairfax-5?osq=businesses
ItsHaulGood,/biz/its-haul-good-fairfax-2?osq=businesses
JLTreeService,/biz/jl-tree-service-fairfax-7?osq=businesses
ChucksSmallEngineRepair,/biz/chucks-small-engine-repair-fairfax?osq=businesses
FairfaxSurfShop,/biz/fairfax-surf-shop-fairfax?osq=businesses
RegusVirginiaFairOaks,/biz/regus-virginia-fair-oaks-fairfax-3?osq=businesses
NorthernVirginiaRealEstatePhotography,/biz/northern-virginia-real-estate-photography-manassas?osq=businesses
NOVAAdvertising,/biz/nova-advertising-fairfax?osq=businesses
IntelligentOfficeFairfax,/biz/intelligent-office-fairfax-fairfax?osq=businesses
AllAboutLandscaping,/biz/all-about-landscaping-fairfax?osq=businesses
LousBuns,/biz/lous-buns-lorton-3?osq=businesses
ThePaschalLamb,/biz/the-paschal-lamb-fairfax-2?osq=businesses
KureCBDVape,/biz/kure-cbd-and-vape-fairfax?osq=businesses
OasisOffice,/biz/oasis-office-fairfax?osq=businesses
ResidentialExpressServicesHeatingAirConditioning,/biz/residential-express-services-heating-and-air-conditioning-springfield-4?osq=businesses
BookstoreMovers,/biz/bookstore-movers-washington-3?osq=businesses
GlobalLanguageStrategies,/biz/global-language-strategies-fairfax?osq=businesses
ArlingtonRealtyManagment,/biz/arlington-realty-managment-arlington?osq=businesses
AdvancedRestorationSolutions,/biz/advanced-restoration-solutions-fairfax-5?osq=businesses
SanghaCPAPC,/biz/sangha-cpa-pc-fairfax-2?osq=businesses
SterlingMowerRepair,/biz/sterling-mower-repair-sterling-2?osq=businesses
DiscountIce,/biz/discount-ice-washington?osq=businesses
JoyUnlimited,/biz/joy-unlimited-fairfax?osq=businesses
BroadwayGallery,/biz/broadway-gallery-great-falls?osq=businesses
MidAtlanticWiring,/biz/mid-atlantic-wiring-fairfax?osq=businesses
NOVAPersonalChefs,/biz/nova-personal-chefs-fairfax?osq=businesses
NovaDeck,/biz/nova-deck-chantilly-2?osq=businesses
TheWineAttic,/biz/the-wine-attic-clifton-2?osq=businesses
PotomacMovingCompany,/biz/potomac-moving-company-oakton-2?osq=businesses
ABBADesign,/biz/abba-design-burke?osq=businesses
CapitolTreeCare,/biz/capitol-tree-care-fairfax-2?osq=businesses
NaudusWindowAndHouseCleaningService,/biz/naudus-window-and-house-cleaning-service-fairfax?osq=businesses
PJSantiagoKellerWilliamsCapitalProperties,/biz/pj-santiago-keller-williams-capital-properties-fairfax-6?osq=businesses
EliteHandymanServicesLLC,/biz/elite-handyman-services-llc-alexandria?osq=businesses
NormensAirDuctServices,/biz/normens-air-duct-services-fairfax-9?osq=businesses
AirOneTech,/biz/air-one-tech-chantilly?osq=businesses
ZineGraphicsPrint,/biz/zine-graphics-and-print-fairfax?osq=businesses
NorthernVirginiaRealEstatePhotography,/biz/northern-virginia-real-estate-photography-manassas?osq=businesses
PotomacMovingCompany,/biz/potomac-moving-company-oakton-2?osq=businesses
ABBADesign,/biz/abba-design-burke?osq=businesses
NovaDeck,/biz/nova-deck-chantilly-2?osq=businesses
IQHomeEntertainment,/biz/iq-home-entertainment-fairfax?osq=businesses
AirOneTech,/biz/air-one-tech-chantilly?osq=businesses
YawataCompany,/biz/yawata-company-fairfax?osq=businesses
BulletLiner,/biz/bullet-liner-rockville-9?osq=businesses
PJSantiagoKellerWilliamsCapitalProperties,/biz/pj-santiago-keller-williams-capital-properties-fairfax-6?osq=businesses
SanghaCPAPC,/biz/sangha-cpa-pc-fairfax-2?osq=businesses
TheWombRoom,/biz/the-womb-room-baltimore?osq=businesses
CirclePlazaLaundromat,/biz/circle-plaza-laundromat-fairfax?osq=businesses
VprintDesigns,/biz/vprint-designs-vienna?osq=businesses
BurkeCleaners,/biz/burke-cleaners-burke?osq=businesses
HaileysLaundromat,/biz/haileys-laundromat-fairfax?osq=businesses
CustomInk,/biz/custom-ink-reston-5?osq=businesses
ClosetAmerica,/biz/closet-america-landover?osq=businesses
EvaArtConservation,/biz/eva-art-conservation-fairfax?osq=businesses
StacyCSherwoodCommunityCenter,/biz/stacy-c-sherwood-community-center-fairfax?osq=businesses
LittleEnterprises,/biz/little-enterprises-reston-2?osq=businesses
MobileEventBars,/biz/mobile-event-bars-fairfax?osq=businesses
JonKatz,/biz/jon-katz-fairfax-2?osq=businesses
WashingtonSchoolofPhotography,/biz/washington-school-of-photography-rockville?osq=businesses
ClearDefensePestControl,/biz/cleardefense-pest-control-fairfax?osq=businesses
IceDMV,/biz/icedmv-washington-3?osq=businesses
SterlingArsenal,/biz/sterling-arsenal-sterling-2?osq=businesses
MainStreetBagelDeli,/biz/main-street-bagel-deli-fairfax?osq=businesses
MYWellnessMassageSpa,/biz/m-and-y-wellness-massage-spa-fairfax?osq=businesses
JoyUnlimited,/biz/joy-unlimited-fairfax?osq=businesses
AlpineSkiShop,/biz/alpine-ski-shop-fairfax-2?osq=businesses
FairfaxAceHardware,/biz/fairfax-ace-hardware-fairfax?osq=businesses
WorldOfTile,/biz/world-of-tile-fairfax-4?osq=businesses
ArtistsEyeInstallations,/biz/artists-eye-installations-hyattsville-2?osq=businesses
GreenPestServices,/biz/green-pest-services-fairfax?osq=businesses
EntyseBistro,/biz/entyse-bistro-mclean-2?osq=businesses
MMSignsandGraphics,/biz/m-and-m-signs-and-graphics-chantilly-2?osq=businesses
FreshFlowersFlorist,/biz/fresh-flowers-florist-oakton-6?osq=businesses
DoddAssociates,/biz/dodd-and-associates-rixeyville-2?osq=businesses
Staples,/biz/staples-burke?osq=businesses
Staples,/biz/staples-burke?osq=businesses
ThankfullyYours,/biz/thankfully-yours-annandale?osq=businesses
NationalSecurity,/biz/national-security-fairfax-3?osq=businesses
BestSideStoryMedia,/biz/best-side-story-media-fairfax-3?osq=businesses
DCPrivateCars,/biz/dc-private-cars-washington-3?osq=businesses
CallSisters,/biz/call-2-sisters-alexandria?osq=businesses
SilverSpringDiaperService,/biz/silver-spring-diaper-service-aspen-hill-2?osq=businesses
SilkWayMovers,/biz/silk-way-movers-mclean?osq=businesses
DrGlassWindowWashing,/biz/dr-glass-window-washing-arlington?osq=businesses
SaintGermainCatering,/biz/saint-germain-catering-vienna?osq=businesses
GroundGaia,/biz/ground-gaia-fairfax?osq=businesses
EntyseBistro,/biz/entyse-bistro-mclean-2?osq=businesses
FreshFlowersFlorist,/biz/fresh-flowers-florist-oakton-6?osq=businesses
NVATitle,/biz/nva-title-burke-2?osq=businesses
BlueprintforStyle,/biz/blueprint-for-style-washington-2?osq=businesses
ReddickSons,/biz/reddick-and-sons-manassas?osq=businesses
Oliogo,/biz/olio2go-fairfax?osq=businesses
RHNicholsonCompany,/biz/r-h-nicholson-and-company-fairfax-2?osq=businesses
KingstowneCarpetandRugCleaning,/biz/kingstowne-carpet-and-rug-cleaning-alexandria?osq=businesses
OHAHomeService,/biz/oha-home-service-fredericksburg?osq=businesses
JudithsBoutiqueandAlteration,/biz/judiths-boutique-and-alteration-sterling?osq=businesses
SaintGermainCatering,/biz/saint-germain-catering-vienna?osq=businesses
OuiCleanDMV,/biz/oui-clean-dmv-fairfax-3?osq=businesses
TheUPSStore,/biz/the-ups-store-fairfax-12?osq=businesses
AtlanticCoastInspectionServices,/biz/atlantic-coast-inspection-services-springfield?osq=businesses
RedJacketCookingSchool,/biz/red-jacket-cooking-school-burke-4?osq=businesses
GamesComicsPairODice,/biz/games-and-comics-pair-o-dice-fairfax?osq=businesses
ALaBealeConsulting,/biz/a-la-beale-consulting-fairfax-2?osq=businesses
DayNightPrinting,/biz/day-and-night-printing-vienna?osq=businesses
WeWorkTysons,/biz/wework-tysons-tysons?osq=businesses
LenMcKenneyInteriors,/biz/len-mckenney-interiors-vienna?osq=businesses
FuturaEmbroideryScreenPrintingPromotionalSolutions,/biz/futura-embroidery-screen-printing-and-promotional-solutions-manassas?osq=businesses
PROSHREDNorthernVirginia,/biz/proshred-northern-virginia-sterling?osq=businesses
InnerLoopCoffeeRoasters,/biz/inner-loop-coffee-roasters-falls-church?osq=businesses
FoundationCoffeeRoasters,/biz/foundation-coffee-roasters-fairfax?osq=businesses
TemporariesNow,/biz/temporaries-now-annandale-3?osq=businesses
USABBQ,/biz/usa-bbq-gainesville-2?osq=businesses
CDShanahansHeatingCooling,/biz/cd-shanahan-s-heating-and-cooling-north-springfield?osq=businesses
NDSecurity,/biz/n-and-d-security-arlington?osq=businesses
PulseEntertainment,/biz/pulse-entertainment-fairfax?osq=businesses
MisterRogersElectric,/biz/mister-rogers-electric-alexandria?osq=businesses
MyPestPros,/biz/my-pest-pros-fairfax-2?osq=businesses
EmpireGraphicsSignsLighting,/biz/empire-graphics-signs-and-lighting-accokeek?osq=businesses
UltraDryCleaners,/biz/ultra-dry-cleaners-fairfax?osq=businesses
UltimateWaterDamageRestoration,/biz/ultimate-water-damage-restoration-fairfax-5?osq=businesses
SpartanEmergencyWaterRemoval,/biz/spartan-emergency-water-removal-fredericksburg?osq=businesses
InstantMovers,/biz/instant-movers-fairfax-2?osq=businesses
SirSpeedyVienna,/biz/sir-speedy-vienna-vienna-5?osq=businesses
KatriHunterCompassRealEstate,/biz/katri-hunter-compass-real-estate-washington?osq=businesses
AtlanticDuctCleaning,/biz/atlantic-duct-cleaning-manassas-2?osq=businesses
PosMovingandStorage,/biz/pos-moving-and-storage-fairfax?osq=businesses
AmericanRental,/biz/american-rental-springfield?osq=businesses
HandyBikes,/biz/handy-bikes-alexandria-2?osq=businesses
DavisContracting,/biz/davis-contracting-fairfax-station?osq=businesses
StairwaysbyRogers,/biz/stairways-by-rogers-fredericksburg-2?osq=businesses
ArterixPestControl,/biz/arterix-pest-control-rockville-2?osq=businesses
RoseFlorist,/biz/rose-florist-fairfax?osq=businesses
EverydayMaidPerfect,/biz/everyday-maid-perfect-fairfax-2?osq=businesses
GeekABC,/biz/geek-abc-fairfax?osq=businesses
IndiaBazaar,/biz/india-bazaar-fairfax?osq=businesses
FoundationCoffeeRoasters,/biz/foundation-coffee-roasters-fairfax?osq=businesses
BarberCraftsmanship,/biz/barber-craftsmanship-fairfax?osq=businesses
FuturaEmbroideryScreenPrintingPromotionalSolutions,/biz/futura-embroidery-screen-printing-and-promotional-solutions-manassas?osq=businesses
TheMcGruderGroup,/biz/the-mcgruder-group-fairfax?osq=businesses
AmericanRental,/biz/american-rental-springfield?osq=businesses
EliteBarber,/biz/elite-barber-fairfax-5?osq=businesses
KingstowneCarpetandRugCleaning,/biz/kingstowne-carpet-and-rug-cleaning-alexandria?osq=businesses
CarrollWaterSystems,/biz/carroll-water-systems-chantilly?osq=businesses
DavisContracting,/biz/davis-contracting-fairfax-station?osq=businesses
ChefBMeals,/biz/chef-b-meals-washington-2?osq=businesses
PulseEntertainment,/biz/pulse-entertainment-fairfax?osq=businesses
LuxyBalloons,/biz/luxy-balloons-sterling-2?osq=businesses
SirSpeedyVienna,/biz/sir-speedy-vienna-vienna-5?osq=businesses
HMartFairfax,/biz/h-mart-fairfax-fairfax-3?osq=businesses
TemporariesNow,/biz/temporaries-now-annandale-3?osq=businesses
AnsTailoringShop,/biz/ans-tailoring-shop-fairfax?osq=businesses
NewWater,/biz/new-water-centreville-4?osq=businesses
KadersBarbershop,/biz/kader-s-barbershop-fairfax-7?osq=businesses
ABSMoversFairfax,/biz/abs-movers-fairfax-fairfax?osq=businesses
IndiaBazaar,/biz/india-bazaar-fairfax?osq=businesses
GreenVistaTreeCare,/biz/green-vista-tree-care-springfield?osq=businesses
KatriHunterCompassRealEstate,/biz/katri-hunter-compass-real-estate-washington?osq=businesses
MoranNovaScreenPrinting,/biz/moran-nova-screen-printing-fairfax?osq=businesses
BullRunKitchenandBath,/biz/bull-run-kitchen-and-bath-manassas-4?osq=businesses
JasFamCaribbeanFlavor,/biz/jas-and-fam-caribbean-flavor-fairfax?osq=businesses
StageAVProductions,/biz/stage-2-a-v-productions-bethesda?osq=businesses
FairfaxDeli,/biz/fairfax-deli-fairfax?osq=businesses
CapitalElectric,/biz/capital-electric-fairfax?osq=businesses
FancyGirlTeaPartiesCraftsBling,/biz/fancy-girl-tea-parties-crafts-and-bling-fairfax?osq=businesses
BoringTees,/biz/boring-tees-arlington-2?osq=businesses
NVATitle,/biz/nva-title-burke-2?osq=businesses
SpartanEmergencyWaterRemoval,/biz/spartan-emergency-water-removal-fredericksburg?osq=businesses
FlowerNFlorist,/biz/flower-n-florist-fairfax?osq=businesses
MyPestPros,/biz/my-pest-pros-fairfax-2?osq=businesses
LoudounLumber,/biz/loudoun-lumber-purcellville-2?osq=businesses
GeekABC,/biz/geek-abc-fairfax?osq=businesses
CrescentPrinting,/biz/crescent-printing-bethesda-2?osq=businesses
DotSightSolutions,/biz/dotsight-solutions-fairfax?osq=businesses
HueArtWorks,/biz/hueartworks-frederick-6?osq=businesses
WhiskeyTastingforFun,/biz/whiskey-tasting-for-fun-fairfax?osq=businesses
MidSouthBuildingSupply,/biz/mid-south-building-supply-springfield-3?osq=businesses
NedsNewEnglandDeck,/biz/neds-new-england-deck-fairfax?osq=businesses
TheWineHouse,/biz/the-wine-house-fairfax?osq=businesses
AmplusRealty,/biz/amplus-realty-fairfax-4?osq=businesses
BenGongsTeaFairfax,/biz/ben-gongs-tea-fairfax-fairfax-2?osq=businesses
ArterixPestControl,/biz/arterix-pest-control-rockville-2?osq=businesses
MurphyFamilyElectric,/biz/murphy-family-electric-fairfax-3?osq=businesses
StagedbyDesign,/biz/staged-by-design-sterling?osq=businesses
CornerBakery,/biz/corner-bakery-tysons?osq=businesses
RosalesCarpentryandHomeImprovementServices,/biz/rosales-carpentry-and-home-improvement-services-burke?osq=businesses
GroundGaia,/biz/ground-gaia-fairfax?osq=businesses
ChoptCreativeSaladCo,/biz/chopt-creative-salad-co-fairfax?osq=businesses
IshtarHookahBar,/biz/ishtar-hookah-bar-fairfax?osq=businesses
NovaCleaners,/biz/nova-cleaners-oakton?osq=businesses
WorkAwaySolutions,/biz/workaway-solutions-north-springfield?osq=businesses
RESHeatingAC,/biz/res-heating-and-ac-sterling-2?osq=businesses
FireTogaProductions,/biz/fire-toga-productions-fairfax?osq=businesses
FitnessBetterAssemblers,/biz/fitnessbetter-assemblers-fairfax-2?osq=businesses
BlueStarAirMechanical,/biz/bluestar-air-mechanical-fairfax-3?osq=businesses
AffordableLocksmiths,/biz/affordable-locksmiths-fairfax-3?osq=businesses
AffordableLocksmiths,/biz/affordable-locksmiths-fairfax-3?osq=businesses
PCTeku,/biz/pctek4u-fairfax?osq=businesses
HomeEnergySavingSolutions,/biz/home-energy-saving-solutions-vienna?osq=businesses
JerrysApplianceRepair,/biz/jerrys-appliance-repair-falls-church?osq=businesses
PremiumLawnandLandscape,/biz/premium-lawn-and-landscape-fairfax-2?osq=businesses
DaystarrPlumbing,/biz/daystarr-plumbing-reston?osq=businesses
AmazonFresh,/biz/amazon-fresh-fairfax-2?osq=businesses
ZMaxMovers,/biz/zmax-movers-fairfax-4?osq=businesses
FurnitureRescue,/biz/furniture-rescue-fairfax?osq=businesses
TheBigScreenStore,/biz/the-big-screen-store-fairfax?osq=businesses
SugarSkullArms,/biz/sugar-skull-arms-fairfax?osq=businesses
DickmanAssociates,/biz/dickman-and-associates-oakton?osq=businesses
NewWater,/biz/new-water-centreville-4?osq=businesses
BruceWReyleRealEstateAppraisersConsultants,/biz/bruce-w-reyle-real-estate-appraisers-and-consultants-fairfax?osq=businesses
RADAExpressMovers,/biz/rada-express-movers-fairfax?osq=businesses
SuitUpWaterSports,/biz/suitup-water-sports-fairfax?osq=businesses
DCCourierServices,/biz/dc-courier-services-washington?osq=businesses
DoloresHouseCleaning,/biz/dolores-house-cleaning-fairfax?osq=businesses
SwiftGentleMovingStorage,/biz/swift-and-gentle-moving-storage-fairfax-3?osq=businesses
OrneryBeerCompanyPublicHouse,/biz/ornery-beer-company-public-house-fairfax?osq=businesses
ALConstruction,/biz/a-and-l-construction-fairfax?osq=businesses
TWPerry,/biz/tw-perry-springfield?osq=businesses
Slable,/biz/slable-fairfax-2?osq=businesses
LocalMotionMovers,/biz/local-motion-movers-fairfax?osq=businesses
MTOTotalServices,/biz/mto-total-services-fairfax-3?osq=businesses
DaniellePricePhotography,/biz/danielle-price-photography-herndon-2?osq=businesses
GoJumpsLeapsBounds,/biz/gojumps-leaps-and-bounds-fairfax?osq=businesses
RLIInsuranceAssociates,/biz/rli-insurance-associates-fairfax?osq=businesses
EricaPalaciosHomesideFinancial,/biz/erica-palacios-homesidefinancial-fairfax-4?osq=businesses
TheFurnitureAssembler,/biz/the-furniture-assembler-fairfax-12?osq=businesses
