Name,URL
1.Lotte Boutique,/biz/lotte-boutique-annandale-2?osq=Small+Businesses
2.Fairfax Bakery,/biz/fairfax-bakery-fairfax?osq=Small+Businesses
3.Senberry Bowls,/biz/senberry-bowls-fairfax?osq=Small+Businesses
4.Fairfax Surf Shop,/biz/fairfax-surf-shop-fairfax?osq=Small+Businesses
5.Bards Alley,/biz/bards-alley-vienna?osq=Small+Businesses
6.Zine Graphics & Print,/biz/zine-graphics-and-print-fairfax?osq=Small+Businesses
7.Needle And Mesh,/biz/needle-and-mesh-fairfax-3?osq=Small+Businesses
8.Vienna Music Exchange,/biz/vienna-music-exchange-vienna?osq=Small+Businesses
9.Music & Arts,/biz/music-and-arts-fairfax?osq=Small+Businesses
10.Apex Organix,/biz/apex-organix-fairfax?osq=Small+Businesses
11.Cameron’s Coffee & Chocolates,/biz/camerons-coffee-and-chocolates-fairfax?osq=Small+Businesses
12.Apex Organix,/biz/apex-organix-fairfax?osq=Small+Businesses
13.Eyeglasses Express,/biz/eyeglasses-express-vienna?osq=Small+Businesses
14.Furniture Rescue,/biz/furniture-rescue-fairfax?osq=Small+Businesses
15.Needle And Mesh,/biz/needle-and-mesh-fairfax-3?osq=Small+Businesses
16.Decor Haven By Adrienne,/biz/decor-haven-by-adrienne-oakton?osq=Small+Businesses
17.The Unique Bakery,/biz/the-unique-bakery-fairfax?osq=Small+Businesses
18.Twelve Twenty,/biz/twelve-twenty-tysons?osq=Small+Businesses
19.Simply Social Coffee,/biz/simply-social-coffee-fairfax-3?osq=Small+Businesses
20.Send Smiles,/biz/send-smiles-chantilly?osq=Small+Businesses
21.Loudoun Lumber,/biz/loudoun-lumber-purcellville-2?osq=Small+Businesses
22.Holley & Levine,/biz/holley-and-levine-fairfax?osq=Small+Businesses
23.Theco’s Gutters Inc,/biz/thecos-gutters-inc-waldorf-2?osq=Small+Businesses
24.Bisnonna Bakeshop,/biz/bisnonna-bakeshop-fairfax?osq=Small+Businesses
25.Mid Atlantic Wiring,/biz/mid-atlantic-wiring-fairfax?osq=Small+Businesses
26.Shenandoah Kitchen & Home,/biz/shenandoah-kitchen-and-home-purcellville?osq=Small+Businesses
27.India Bazaar,/biz/india-bazaar-fairfax?osq=Small+Businesses
28.Chuck’s Small Engine Repair,/biz/chucks-small-engine-repair-fairfax?osq=Small+Businesses
29.Bond’s 3D Studio,/biz/bonds-3d-studio-fairfax?osq=Small+Businesses
30.Mara Hair And Mode Studio,/biz/mara-hair-and-mode-studio-fairfax-2?osq=Small+Businesses
31.Mara Hair And Mode Studio,/biz/mara-hair-and-mode-studio-fairfax-2?osq=Small+Businesses
32.Custom Ink,/biz/custom-ink-reston-5?osq=Small+Businesses
33.29th Parallel Coffee,/biz/29th-parallel-coffee-fairfax-station-3?osq=Small+Businesses
34.Send Smiles,/biz/send-smiles-chantilly?osq=Small+Businesses
35.Chubby Squirrel Brewing Company,/biz/chubby-squirrel-brewing-company-fairfax-2?osq=Small+Businesses
36.Twelve Twenty,/biz/twelve-twenty-tysons?osq=Small+Businesses
37.Brand Design Inc,/biz/brand-design-inc-fairfax?osq=Small+Businesses
38.Expert Appliance Services,/biz/expert-appliance-services-fairfax-4?osq=Small+Businesses
39.Mosaic,/biz/mosaic-fairfax?osq=Small+Businesses
40.Maple Cleaners,/biz/maple-cleaners-vienna?osq=Small+Businesses
41.Silk Way Movers,/biz/silk-way-movers-mclean?osq=Small+Businesses
42.The Tailor Shop,/biz/the-tailor-shop-vienna?osq=Small+Businesses
43.District Custom Woodworks,/biz/district-custom-woodworks-manassas-park?osq=Small+Businesses
44.Global Language Strategies,/biz/global-language-strategies-fairfax?osq=Small+Businesses
45.Artins Shoe Repair & Alteration,/biz/artins-shoe-repair-and-alteration-fairfax?osq=Small+Businesses
46.DePaul’s Urban Farm,/biz/depaul-s-urban-farm-vienna?osq=Small+Businesses
47.VP Services,/biz/vp-services-fairfax-station?osq=Small+Businesses
48.WeWork Tysons,/biz/wework-tysons-tysons?osq=Small+Businesses
49.DrinkMore Water,/biz/drinkmore-water-gaithersburg-2?osq=Small+Businesses
50.All American Appliance,/biz/all-american-appliance-stafford-3?osq=Small+Businesses
51.Paint Your Own Pottery,/biz/paint-your-own-pottery-fairfax?osq=Small+Businesses
52.Dave Yoho Associates,/biz/dave-yoho-associates-fairfax-2?osq=Small+Businesses
53.Commonwealth Home Design,/biz/commonwealth-home-design-vienna?osq=Small+Businesses
54.FitnessBetter Assemblers,/biz/fitnessbetter-assemblers-fairfax-2?osq=Small+Businesses
55.Kiln & Co.,/biz/kiln-and-co-vienna?osq=Small+Businesses
56.Foundation Coffee Roasters,/biz/foundation-coffee-roasters-fairfax?osq=Small+Businesses
57.Maple Cleaners,/biz/maple-cleaners-vienna?osq=Small+Businesses
58.Richstone Marble & Granite,/biz/richstone-marble-and-granite-chantilly-4?osq=Small+Businesses
59.Games & Comics Pair O’Dice,/biz/games-and-comics-pair-o-dice-fairfax?osq=Small+Businesses
60.PJ’s Sports,/biz/pjs-sports-falls-church?osq=Small+Businesses
61.ServiceMaster NCR,/biz/servicemaster-national-capital-restoration-alexandria?osq=Small+Businesses
62.Yawata Company,/biz/yawata-company-fairfax?osq=Small+Businesses
63.CYMNOW Flowers,/biz/cymnow-flowers-falls-church-3?osq=Small+Businesses
64.Inner Loop Coffee Roasters,/biz/inner-loop-coffee-roasters-falls-church?osq=Small+Businesses
65.Closet America,/biz/closet-america-landover?osq=Small+Businesses
66.Herndon Arms,/biz/herndon-arms-herndon-5?osq=Small+Businesses
67.Pure Barre,/biz/pure-barre-fairfax-2?osq=Small+Businesses
68.The Tailor Shop,/biz/the-tailor-shop-vienna?osq=Small+Businesses
69.Breeze Bakery Cafe,/biz/breeze-bakery-cafe-annandale?osq=Small+Businesses
70.DrinkMore Water,/biz/drinkmore-water-gaithersburg-2?osq=Small+Businesses
71.Ace Vacuums,/biz/ace-vacuums-fairfax?osq=Small+Businesses
72.Plaza Latina Market,/biz/plaza-latina-market-falls-church?osq=Small+Businesses
73.Patriot Pressure Washing,/biz/patriot-pressure-washing-fairfax?osq=Small+Businesses
74.The Lawnfather,/biz/the-lawnfather-burke-6?osq=Small+Businesses
75.Expertise Computers,/biz/expertise-computers-arlington-2?osq=Small+Businesses
76.5 Star Auto Glass,/biz/5-star-auto-glass-fairfax?osq=Small+Businesses
77.Home & Office Network Solutions,/biz/home-and-office-network-solutions-sterling?osq=Small+Businesses
78.Cameo Coins & Collectibles,/biz/cameo-coins-and-collectibles-vienna?osq=Small+Businesses
79.Fran’s Cake & Candy Supplies,/biz/frans-cake-and-candy-supplies-fairfax?osq=Small+Businesses
80.Inner Loop Coffee Roasters,/biz/inner-loop-coffee-roasters-falls-church?osq=Small+Businesses
81.Enie Dry Cleaners & Alterations,/biz/enie-dry-cleaners-and-alterations-fairfax?osq=Small+Businesses
82.Chocolate Passion Pastry,/biz/chocolate-passion-pastry-fairfax?osq=Small+Businesses
83.VP Services,/biz/vp-services-fairfax-station?osq=Small+Businesses
84.Select Glass and Windows,/biz/select-glass-and-windows-arlington?osq=Small+Businesses
85.Metropolitan Contractors,/biz/metropolitan-contractors-fairfax?osq=Small+Businesses
86.Trader Joe’s,/biz/trader-joes-falls-church-2?osq=Small+Businesses
87.The Standard Barbershop,/biz/the-standard-barbershop-fairfax?osq=Small+Businesses
88.Poppy’s Family Electric Service,/biz/poppys-family-electric-service-fairfax-3?osq=Small+Businesses
89.Expertise Computers,/biz/expertise-computers-arlington-2?osq=Small+Businesses
90.Beirut Butcher,/biz/beirut-butcher-vienna?osq=Small+Businesses
91.Chesapeake Artistry,/biz/chesapeake-artistry-oak-hill?osq=Small+Businesses
92.Circle Plaza Laundromat,/biz/circle-plaza-laundromat-fairfax?osq=Small+Businesses
93.Len The Plumber,/biz/len-the-plumber-alexandria-3?osq=Small+Businesses
94.Oui Clean DMV,/biz/oui-clean-dmv-fairfax-3?osq=Small+Businesses
95.Franklin’s Auto Body & Painting,/biz/franklins-auto-body-and-painting-silver-spring?osq=Small+Businesses
96.District Camera and Imaging,/biz/district-camera-and-imaging-burke?osq=Small+Businesses
97.Dream House,/biz/dream-house-frederick?osq=Small+Businesses
98.OpenBlooms,/biz/openblooms-chantilly-2?osq=Small+Businesses
99.Toimoi Bakery,/biz/toimoi-bakery-fairfax?osq=Small+Businesses
100.AirBenders,/biz/airbenders-chantilly-3?osq=Small+Businesses
101.Metropolitan Contractors,/biz/metropolitan-contractors-fairfax?osq=Small+Businesses
102.2 Guys & a Pick Up Truck,/biz/2-guys-and-a-pick-up-truck-fort-washington-3?osq=Small+Businesses
103.Windshield City,/biz/windshield-city-chantilly?osq=Small+Businesses
104.AirBenders,/biz/airbenders-chantilly-3?osq=Small+Businesses
105.Games & Comics Pair O’Dice,/biz/games-and-comics-pair-o-dice-fairfax?osq=Small+Businesses
106.Best Tailoring,/biz/best-tailoring-fairfax?osq=Small+Businesses
107.The Cash Store,/biz/the-cash-store-fairfax-2?osq=Small+Businesses
108.Select Glass and Windows,/biz/select-glass-and-windows-arlington?osq=Small+Businesses
109.Lamp & Lighting Gallery,/biz/lamp-and-lighting-gallery-fairfax?osq=Small+Businesses
110.CMIT Solutions of Fairfax,/biz/cmit-solutions-of-fairfax-fairfax-5?osq=Small+Businesses
111.Arlandria Floors In Del Ray,/biz/arlandria-floors-in-del-ray-alexandria?osq=Small+Businesses
112.Southern Electrical Service Co,/biz/southern-electrical-service-co-leesburg?osq=Small+Businesses
113.Kitchen Design Center,/biz/kitchen-design-center-fairfax-2?osq=Small+Businesses
114.Handy Bikes,/biz/handy-bikes-alexandria-2?osq=Small+Businesses
115.John Alabaster Watch & Clock Repair,/biz/john-alabaster-watch-and-clock-repair-vienna?osq=Small+Businesses
116.Quick Reaction Movers,/biz/quick-reaction-movers-lorton-2?osq=Small+Businesses
117.Tysons Watch & Jewelry Exchange,/biz/tysons-watch-and-jewelry-exchange-vienna?osq=Small+Businesses
118.StudioHue,/biz/studiohue-hyattsville?osq=Small+Businesses
119.All About Landscaping,/biz/all-about-landscaping-fairfax?osq=Small+Businesses
120.JL Tree Service,/biz/jl-tree-service-fairfax-7?osq=Small+Businesses
121.Simply Upholstery & Design,/biz/simply-upholstery-and-design-fairfax-station?osq=Small+Businesses
122.Vienna Farmers Market,/biz/vienna-farmers-market-vienna-2?osq=Small+Businesses
123.P&C Art,/biz/p-and-c-art-fairfax-2?osq=Small+Businesses
124.Optimal Appliance Repair,/biz/optimal-appliance-repair-washington?osq=Small+Businesses
125.District Camera and Imaging,/biz/district-camera-and-imaging-burke?osq=Small+Businesses
126.Chas Enterprises,/biz/chas-enterprises-haymarket?osq=Small+Businesses
127.Fair Oaks Mall,/biz/fair-oaks-mall-fairfax?osq=Small+Businesses
128.Precision Import Service,/biz/precision-import-service-chantilly?osq=Small+Businesses
129.Tysons Corner Center,/biz/tysons-corner-center-tysons-corner?osq=Small+Businesses
130.George’s Shoe Repair,/biz/georges-shoe-repair-fairfax?osq=Small+Businesses
131.Dave Yoho Associates,/biz/dave-yoho-associates-fairfax-2?osq=Small+Businesses
132.Broadway Gallery,/biz/broadway-gallery-great-falls?osq=Small+Businesses
133.Auto Body World,/biz/auto-body-world-fairfax?osq=Small+Businesses
134.The Shoe Shoppe,/biz/the-shoe-shoppe-tysons-3?osq=Small+Businesses
135.Fairfax Propane,/biz/fairfax-propane-fairfax?osq=Small+Businesses
136.Fairfax Computer Repair,/biz/fairfax-computer-repair-fairfax?osq=Small+Businesses
137.Veteran Plumbing Services,/biz/veteran-plumbing-services-fairfax-2?osq=Small+Businesses
138.Teas’n You Fusion Tea House,/biz/teasn-you-fusion-tea-house-vienna-2?osq=Small+Businesses
139.Integrity Fitness Repair,/biz/integrity-fitness-repair-bunker-hill?osq=Small+Businesses
140.Amazon Fresh,/biz/amazon-fresh-fairfax-2?osq=Small+Businesses
141.Fairfax Estate Sales TFV,/biz/fairfax-estate-sales-tfv-vienna-2?osq=Small+Businesses
142.The Point Knife and Tool Sharpening,/biz/the-point-knife-and-tool-sharpening-haymarket?osq=Small+Businesses
143.C My Handyman,/biz/c-my-handyman-centreville-2?osq=Small+Businesses
144.Murphy Family Electric,/biz/murphy-family-electric-fairfax-3?osq=Small+Businesses
145.Arlington Pressure Washing,/biz/arlington-pressure-washing-arlington-4?osq=Small+Businesses
146.Hillside Interior Design,/biz/hillside-interior-design-mclean?osq=Small+Businesses
147.Maid Day,/biz/maid-day-burke-2?osq=Small+Businesses
148.Sacramento Jewelers,/biz/sacramento-jewelers-arlington?osq=Small+Businesses
149.Sew In Style,/biz/sew-in-style-vienna?osq=Small+Businesses
150.Garage Design Source,/biz/garage-design-source-sterling?osq=Small+Businesses
151.BlueStar Air Mechanical,/biz/bluestar-air-mechanical-fairfax-3?osq=Small+Businesses
152.LC Sprinklers & Lighting,/biz/lc-sprinklers-and-lighting-falls-church?osq=Small+Businesses
153.Fj Hooks Plumbing,/biz/fj-hooks-plumbing-fairfax?osq=Small+Businesses
154.Custom Stonescaping,/biz/custom-stonescaping-falls-church-2?osq=Small+Businesses
155.United Power Washing,/biz/united-power-washing-fairfax-23?osq=Small+Businesses
"156.Futura Embroidery, Screen Printing & Promotional Solutions",/biz/futura-embroidery-screen-printing-and-promotional-solutions-manassas?osq=Small+Businesses
157.Hernandez Company,/biz/hernandez-company-falls-church?osq=Small+Businesses
158.House Bubbles Power Washing Pros,/biz/house-bubbles-power-washing-pros-gainesville?osq=Small+Businesses
159.America’s Color Consultants - DC Metro,/biz/americas-color-consultants-dc-metro-arlington-4?osq=Small+Businesses
160.Advanced Restoration Solutions,/biz/advanced-restoration-solutions-fairfax-5?osq=Small+Businesses
161.TopTech Computer Repair,/biz/toptech-computer-repair-alexandria?osq=Small+Businesses
162.Sun Sew Vac,/biz/sun-sew-vac-alexandria?osq=Small+Businesses
163.The Amazing Comic Shop,/biz/the-amazing-comic-shop-fairfax?osq=Small+Businesses
164.CYMNOW Flowers,/biz/cymnow-flowers-falls-church-3?osq=Small+Businesses
165.Beltway Auto Glass,/biz/beltway-auto-glass-fairfax-4?osq=Small+Businesses
166.DIY Scent Studio,/biz/diy-scent-studio-fairfax?osq=Small+Businesses
167.Foundation Coffee Roasters,/biz/foundation-coffee-roasters-fairfax?osq=Small+Businesses
168.FitnessBetter Assemblers,/biz/fitnessbetter-assemblers-fairfax-2?osq=Small+Businesses
169.The Repair Ma’am,/biz/the-repair-ma-am-fairfax?osq=Small+Businesses
171.Nova Paving Industries,/biz/nova-paving-industries-alexandria?osq=Small+Businesses
172.Reston Shirt & Graphic,/biz/reston-shirt-and-graphic-dulles?osq=Small+Businesses
173.Reddick & Sons,/biz/reddick-and-sons-manassas?osq=Small+Businesses
174.eStarland,/biz/estarland-chantilly-2?osq=Small+Businesses
175.Liljenquist & Beckstead,/biz/liljenquist-and-beckstead-mclean-2?osq=Small+Businesses
176.The UPS Store,/biz/the-ups-store-fairfax-2?osq=Small+Businesses
177.Morales Plus,/biz/morales-plus-centreville?osq=Small+Businesses
178.Louizos Elp Goldsmiths,/biz/louizos-elp-goldsmiths-oakton?osq=Small+Businesses
179.Nupen Jewelers,/biz/nupen-jewelers-fairfax?osq=Small+Businesses
180.World Market,/biz/world-market-fairfax-2?osq=Small+Businesses
181.Lalla Khadija’s Sweets & Goodies,/biz/lalla-khadijas-sweets-and-goodies-fairfax-2?osq=Small+Businesses
182.The UPS Store,/biz/the-ups-store-fairfax-2?osq=Small+Businesses
183.Golly Waffles,/biz/golly-waffles-aldie-2?osq=Small+Businesses
184.Jim Baker,/biz/jim-baker-burke?osq=Small+Businesses
185.The Consilium Group,/biz/the-consilium-group-mclean?osq=Small+Businesses
186.Morales Plus,/biz/morales-plus-centreville?osq=Small+Businesses
187.Reston Shirt & Graphic,/biz/reston-shirt-and-graphic-dulles?osq=Small+Businesses
188.Keytours Vacations,/biz/keytours-vacations-fairfax?osq=Small+Businesses
189.Le Bustiere Boutique,/biz/le-bustiere-boutique-washington?osq=Small+Businesses
190.World Market,/biz/world-market-fairfax-2?osq=Small+Businesses
191.Fairfax Computer Repair,/biz/fairfax-computer-repair-fairfax?osq=Small+Businesses
192.Tandoori Nights Fairfax,/biz/tandoori-nights-fairfax-fairfax-2?osq=Small+Businesses
193.NVA Title,/biz/nva-title-burke-2?osq=Small+Businesses
194.Glasgow Investigative Solutions,/biz/glasgow-investigative-solutions-woodbridge?osq=Small+Businesses
195.Wright Construction,/biz/wright-construction-bluemont?osq=Small+Businesses
"196.Futura Embroidery, Screen Printing & Promotional Solutions",/biz/futura-embroidery-screen-printing-and-promotional-solutions-manassas?osq=Small+Businesses
197.Fairfax Kitchen Bath,/biz/fairfax-kitchen-bath-fairfax-4?osq=Small+Businesses
"198.RSG Commercial, Inc.",/biz/rsg-commercial-inc-fairfax?osq=Small+Businesses
199.Oasis Urban Gardening,/biz/oasis-urban-gardening-silver-spring?osq=Small+Businesses
200.Fitness Showrooms,/biz/fitness-showrooms-fairfax?osq=Small+Businesses
201.Precision Import Service,/biz/precision-import-service-chantilly?osq=Small+Businesses
202.NumberSquad,/biz/numbersquad-fairfax-4?osq=Small+Businesses
203.Party City,/biz/party-city-fairfax-2?osq=Small+Businesses
204.Sadeghi S Mostafa CPA,/biz/sadeghi-s-mostafa-cpa-fairfax?osq=Small+Businesses
205.PVI Office Furniture,/biz/pvi-office-furniture-frederick-2?osq=Small+Businesses
206.Chocolate Moonshine Co,/biz/chocolate-moonshine-co-mclean-2?osq=Small+Businesses
207.99 Ranch Market,/biz/99-ranch-market-fairfax-2?osq=Small+Businesses
208.29th Parallel Coffee - Vienna,/biz/29th-parallel-coffee-vienna-vienna?osq=Small+Businesses
209.Color Service Printing & Graphics,/biz/color-service-printing-and-graphics-falls-church?osq=Small+Businesses
210.Auto Body World,/biz/auto-body-world-fairfax?osq=Small+Businesses
211.Exclusive House Cleaning Service,/biz/exclusive-house-cleaning-service-centreville?osq=Small+Businesses
212.Simply Upholstery & Design,/biz/simply-upholstery-and-design-fairfax-station?osq=Small+Businesses
213.Exotica Florist,/biz/exotica-florist-fairfax-2?osq=Small+Businesses
214.Acting With Max,/biz/acting-with-max-baltimore-5?osq=Small+Businesses
215.University Flower Shoppe,/biz/university-flower-shoppe-fairfax-3?osq=Small+Businesses
216.Got Odd Jobs,/biz/got-odd-jobs-springfield?osq=Small+Businesses
217.Motier,/biz/motier-clifton?osq=Small+Businesses
218.Tysons Watch & Jewelry Exchange,/biz/tysons-watch-and-jewelry-exchange-vienna?osq=Small+Businesses
219.Fairfax Propane,/biz/fairfax-propane-fairfax?osq=Small+Businesses
220.Rose Florist,/biz/rose-florist-fairfax?osq=Small+Businesses
221.Kwii Byung Han T-A Paddock Cleaners,/biz/kwii-byung-han-t-a-paddock-cleaners-oakton?osq=Small+Businesses
222.Element Visual Design,/biz/element-visual-design-mclean?osq=Small+Businesses
223.Grace In Motion,/biz/grace-in-motion-vienna?osq=Small+Businesses
224.Clawes Paint & Design Benjamin Moore,/biz/clawes-paint-and-design-benjamin-moore-fairfax?osq=Small+Businesses
225.Timur Construction Drywall Repair,/biz/timur-construction-drywall-repair-alexandria-4?osq=Small+Businesses
226.Le Bustiere Boutique,/biz/le-bustiere-boutique-washington?osq=Small+Businesses
227.Atlantic Duct Cleaning,/biz/atlantic-duct-cleaning-manassas-2?osq=Small+Businesses
228.Revelation Services,/biz/revelation-services-alexandria?osq=Small+Businesses
229.Nova Mower Repair,/biz/nova-mower-repair-alexandria?osq=Small+Businesses
230.Randall Moving and Storage,/biz/randall-moving-and-storage-manassas-6?osq=Small+Businesses
231.The Press Dry Cleaning & Laundry,/biz/the-press-dry-cleaning-and-laundry-fairfax?osq=Small+Businesses
232.OpenBlooms,/biz/openblooms-chantilly-2?osq=Small+Businesses
233.Lend A Box,/biz/lend-a-box-arlington-4?osq=Small+Businesses
234.Fairfax Kitchen Bath,/biz/fairfax-kitchen-bath-fairfax-4?osq=Small+Businesses
235.Ornery Beer Company Public House,/biz/ornery-beer-company-public-house-fairfax?osq=Small+Businesses
236.TR Young Services,/biz/tr-young-services-fairfax-3?osq=Small+Businesses
237.H Mart - Fairfax,/biz/h-mart-fairfax-fairfax-3?osq=Small+Businesses
238.Capital Remodeling,/biz/capital-remodeling-fairfax?osq=Small+Businesses
239.Absolute Flooring,/biz/absolute-flooring-woodbridge?osq=Small+Businesses
240.The Davey Tree Expert Company,/biz/the-davey-tree-expert-company-chantilly?osq=Small+Businesses
